modelo,nombre,tiempo_entrenamiento,train_accuracy,train_precision,train_recall,train_f1,train_auc_roc,val_accuracy,val_precision,val_recall,val_f1,val_auc_roc,test_accuracy,test_precision,test_recall,test_f1,test_auc_roc,consistency
"LGBMClassifier(max_depth=5, random_state=42, verbose=-1)",LightGBM,1.475409746170044,0.8911428571428571,0.888458337909382,0.8911428571428571,0.8819085487216864,0.9292925328023165,0.872,0.8650222036028488,0.872,0.8610549450549452,0.878442457384964,0.868,0.8601844588495938,0.868,0.8562631473705259,0.8657779505237133,0.02314285714285713
"GradientBoostingClassifier(max_depth=5, random_state=42)",Gradient Boosting,1.1808836460113525,0.8985714285714286,0.8975867103217471,0.8985714285714286,0.8899672829296554,0.9420973629821083,0.869,0.8610363441060297,0.869,0.8587757667676003,0.8641738102276086,0.864,0.8551527433523031,0.864,0.8521173163876329,0.8648664072392885,0.034571428571428586
"RandomForestClassifier(max_depth=10, n_jobs=-1, random_state=42)",Random Forest,0.22475218772888184,0.8994285714285715,0.9041547550519171,0.8994285714285715,0.8881590591936025,0.9599034990647319,0.872,0.8712616758241758,0.872,0.8550032851309447,0.8785225145334515,0.867,0.8640529514941357,0.867,0.8492667007855684,0.8651656278774923,0.03242857142857147
"XGBClassifier(base_score=None, booster=None, callbacks=None,
              colsample_bylevel=None, colsample_bynode=None,
              colsample_bytree=None, device=None, early_stopping_rounds=None,
              enable_categorical=False, eval_metric='logloss',
              feature_types=None, feature_weights=None, gamma=None,
              grow_policy=None, importance_type=None,
              interaction_constraints=None, learning_rate=None, max_bin=None,
              max_cat_threshold=None, max_cat_to_onehot=None,
              max_delta_step=None, max_depth=5, max_leaves=None,
              min_child_weight=None, missing=nan, monotone_constraints=None,
              multi_strategy=None, n_estimators=100, n_jobs=None,
              num_parallel_tree=None, ...)",XGBoost,0.07193350791931152,0.9371428571428572,0.9373008381924198,0.9371428571428572,0.9342051351297174,0.9778000292884566,0.865,0.8562697495183044,0.865,0.8540650956615325,0.8555769041284855,0.855,0.8445492028255506,0.855,0.8454982306460095,0.8421626557219778,0.08214285714285718
"SVC(probability=True, random_state=42)",SVM,3.5545268058776855,0.8625714285714285,0.8600460110626529,0.8625714285714285,0.842540848630866,0.8724324163832178,0.856,0.8531604395604395,0.856,0.8328928870493097,0.8259434427037148,0.8625,0.8598706630818235,0.8625,0.8424426118281828,0.8251271302118759,7.142857142850012e-05
"DecisionTreeClassifier(max_depth=10, random_state=42)",Decision Tree,0.022424697875976562,0.9062857142857143,0.9038798218499243,0.9062857142857143,0.9005914043230699,0.9327910439724407,0.854,0.8436114706255551,0.854,0.8448669461606355,0.807647305153217,0.8335,0.8204533206187256,0.8335,0.823827123080899,0.7628244577397119,0.07278571428571423
KNeighborsClassifier(n_jobs=-1),K-Nearest Neighbors,0.00913095474243164,0.8784285714285714,0.8730354916076376,0.8784285714285714,0.8678242614406216,0.9236421126740008,0.842,0.8276584034743841,0.842,0.8249494888176548,0.81195191644497,0.834,0.8174512739708119,0.834,0.8179307970591667,0.778108617091668,0.044428571428571484
GaussianNB(),Naive Bayes,0.002162933349609375,0.8235714285714286,0.8029687647314087,0.8235714285714286,0.803497470706271,0.7849883827487971,0.845,0.8319989055422127,0.845,0.8263964956902643,0.788883141196177,0.822,0.801325660374649,0.822,0.8030145544459169,0.7842943097180386,0.001571428571428668
"LogisticRegression(max_iter=1000, n_jobs=-1, random_state=42)",Logistic Regression,1.4403924942016602,0.8094285714285714,0.7784350707028699,0.8094285714285714,0.7699927940273026,0.7634149434536526,0.826,0.8092629310344828,0.826,0.7910525572480582,0.7675509902453445,0.811,0.7816719999999999,0.811,0.7685921507922054,0.7753315719417413,0.001571428571428668
